ID,Name,PhotoUrl
269541695,Esther Watkins,https://randomuser.me/api/portraits/women/41.jpg
524878326,Shannon Hayes,https://randomuser.me/api/portraits/women/73.jpg
365351784,Jennie Bradley,https://randomuser.me/api/portraits/women/93.jpg
80096719,Renee Kennedy,https://randomuser.me/api/portraits/women/78.jpg
110537291,Josephine Garza,https://randomuser.me/api/portraits/women/3.jpg
326646224,Marian Gray,https://randomuser.me/api/portraits/women/41.jpg
359405105,Lois Porter,https://randomuser.me/api/portraits/women/70.jpg
324499605,Louis Morris,https://randomuser.me/api/portraits/men/19.jpg
897983804,Rosemary Reynolds,https://randomuser.me/api/portraits/women/54.jpg
167426565,Lillian Reyes,https://randomuser.me/api/portraits/women/64.jpg
